elapsed,tokens,decode_s,tok_s,ttft
3.6216864585876465,128,3.0822199,41.5285100196777,0.1933004
6.9755775928497314,128,3.0323269,42.21180770450574,0.0211894
10.43363070487976,128,3.1465535,40.67942909599344,0.0208463
13.843899726867676,128,3.062264,41.79913946021637,0.0235851
17.239211797714233,128,3.0638722,41.77719945368479,0.0216517
20.610700845718384,128,3.0513416,41.948761161319986,0.0224882
24.090948343276978,128,3.0996823,41.29455460645112,0.0274256
27.413071632385254,128,3.0126905,42.486939830029,0.0234844
30.75998854637146,128,3.0239051,42.32937072000044,0.0230902
34.248257637023926,128,3.1549143,40.57162503590034,0.025037
37.67057728767395,128,3.0929931,41.3838621237144,0.0229939
41.026983976364136,128,3.0392737,42.11532511862949,0.0237602
44.45576453208923,128,3.0756592,41.61709463779342,0.0246063
48.04049515724182,128,3.1532678,40.5928097829179,0.0243517
51.39092826843262,128,3.0360613,42.15988656092023,0.0248802
54.76256608963013,128,3.0472407,42.00521475051183,0.0240097
58.236719369888306,128,3.1455472,40.69244295555317,0.0237602
61.672099590301514,128,3.071946,41.66739910141649,0.0243919
65.04048705101013,128,3.0489196,41.98208440786697,0.0218911
68.49209499359131,128,3.1262016,40.94425644206695,0.0234415
72.0825662612915,128,3.1937919,40.07775209148724,0.0273679
75.52994298934937,128,3.1114098,41.138907513886465,0.0248031
79.02619647979736,128,3.180188,40.249192815015974,0.0237626
82.6036126613617,128,3.2120582,39.84983833730036,0.0234526
86.25445318222046,128,3.2367731,39.54555850702046,0.0236852
89.79771685600281,128,3.2159159,39.80203586791557,0.0230395
93.32624387741089,128,3.1974235,40.032232201958855,0.0241993
96.91383481025696,128,3.1974373,40.03205942458981,0.0244744
100.34059762954712,128,3.0976019,41.32228870339988,0.0236586
103.83623600006104,128,3.1543431,40.578971894338316,0.0243223
107.40321516990662,128,3.2486744,39.40068601519438,0.0242873
110.92469906806946,128,3.1682266,40.40115059951835,0.0243002
114.51036596298218,128,3.2382289,39.52778013932245,0.0232299
118.12003445625305,128,3.2756315,39.07643457452403,0.0234981
121.62987542152405,128,3.1300928,40.89335626087508,0.0263059
125.18935370445251,128,3.2321381,39.602268232288715,0.0230564
128.74262523651123,128,3.2255212,39.68350913334564,0.024127
132.35797953605652,128,3.1966974,40.041325150137766,0.0252591
135.88467264175415,128,3.1961049,40.04874808708563,0.0241207
139.38076448440552,128,3.1634646,40.46196692069827,0.0239563
143.01419949531555,128,3.2933378,38.86634404767103,0.0241544
146.64372491836548,128,3.3044392,38.735770959259895,0.023084
150.22009015083313,128,3.2256612,39.68178679149565,0.0240592
153.7340862751007,128,3.1894453,40.13237035292626,0.0247585
157.25859093666077,128,3.1491336,40.646100248017426,0.0249861
160.8170714378357,128,3.2324385,39.59858787723262,0.0242096
164.77201056480408,128,3.5454894,36.102209190076834,0.0234928
168.60316562652588,128,3.397557,37.67412879312989,0.0251702
172.07347345352173,128,3.1559045,40.55889523906696,0.0261369
175.5063500404358,128,3.0959061,41.34492321973202,0.0232839
179.23621487617493,128,3.3452712,38.262966542144625,0.0237789
182.72333145141602,128,3.115091,41.09029238632194,0.0237683
186.19111728668213,128,3.14895,40.64847012496229,0.0230941
189.78222680091858,128,3.2672017,39.17725679439992,0.0248976
193.50135731697083,128,3.3035933,38.74568942853831,0.0254711
197.00921607017517,128,3.1800855,40.25049012047003,0.0232266
200.5435390472412,128,3.1970323,40.03713068522955,0.0240474
204.13966369628906,128,3.2565099,39.30588388507586,0.023939
207.57266354560852,128,3.0972425,41.32708368815164,0.0235927
211.16993165016174,128,3.2709418,39.13246025961085,0.0226729
214.84675478935242,128,3.3126091,38.640236784956,0.0243442
219.2921175956726,128,3.8917193,32.890347461596214,0.0384514
223.07794666290283,128,3.3827667,37.83884948376724,0.0260076
226.60327196121216,128,3.1773981,40.28453343633585,0.0230383
230.21880412101746,128,3.2090599,39.887070976767994,0.0256299
233.80173301696777,128,3.2456934,39.43687348903627,0.0240951
237.4422526359558,128,3.2822478,38.997664953877035,0.0243254
241.17579627037048,128,3.3188576,38.567487800621514,0.0257536
244.73778176307678,128,3.2472677,39.41775419377959,0.0239531
248.22881531715393,128,3.1662269,40.426666831742224,0.0229315
251.77317643165588,128,3.2241098,39.70088115485397,0.0233722
255.42388153076172,128,3.2827931,38.99118710831944,0.0269894
258.9845697879791,128,3.225751,39.68068211092549,0.0230702
262.56701374053955,128,3.2652125,39.20112396972632,0.0234562
266.2112646102905,128,3.1689253,40.39224275813633,0.0248979
269.7426393032074,128,3.2044465,39.94449587471659,0.0238315
273.31019163131714,128,3.2431936,39.46727077902472,0.024362
277.0931305885315,128,3.4635835,36.95594461632006,0.0240222
280.6239366531372,128,3.2079101,39.901367560144536,0.0238384
284.22306203842163,128,3.262957,39.22822151808926,0.0243379
287.8836886882782,128,3.3369661,38.35819608715833,0.0238763
291.4772744178772,128,3.2170059,39.788549968155166,0.0242785
295.1006188392639,128,3.2889305,38.91842652193471,0.0226157
298.7819666862488,128,3.3512108,38.195150242413874,0.0245379
302.5176284313202,128,3.3365834,38.362595701938695,0.0246631
306.03872776031494,128,3.1987958,40.01505816657631,0.0233217
309.6086542606354,128,3.2510018,39.37247896940568,0.0241551
313.3510584831238,128,3.3753633,37.921843850112374,0.022651
317.0094356536865,128,3.3117693,38.650035194178535,0.0230241
320.64564633369446,128,3.3053344,38.725279959570805,0.0244835
324.4387059211731,128,3.4534311,37.06458773710586,0.0227606
328.25384283065796,128,3.4616953,36.976102431661154,0.0246946
331.929203748703,128,3.3520198,38.18593195660718,0.0244263
335.91120171546936,128,3.6168803,35.3896146355742,0.0237893
339.9141311645508,128,3.625089,35.309477919024886,0.0247062
343.5839340686798,128,3.3099185,38.671647051128296,0.0252723
347.34612584114075,128,3.4274211,37.34586333730629,0.0243408
351.2005898952484,128,3.3979262,37.67003532919579,0.0261011
354.9343419075012,128,3.4007428,37.63883584492188,0.0233107
358.84626722335815,128,3.5872118,35.682309028979,0.0234926
362.77239084243774,128,3.537101,36.18782726306091,0.0247655
366.4474997520447,128,3.3543852,38.1590045174299,0.0237005
370.20563197135925,128,3.3921869,37.73376991698187,0.0241494
374.0492630004883,128,3.5109887,36.45696723546846,0.024616
377.81131768226624,128,3.4479038,37.12400560595687,0.0255355
381.7018985748291,128,3.5513244,36.04289149141092,0.0244857
385.7710027694702,128,3.7195086,34.41314801638044,0.0235568
389.69109320640564,128,3.5860374,35.693994714054014,0.0260916
393.5761694908142,128,3.5765716,35.78846289558414,0.0237416
397.3643457889557,128,3.44952,37.10661193441406,0.0249901
401.29179191589355,128,3.5687316,35.867085101048225,0.0243978
405.3120858669281,128,3.6746945,34.83282759968209,0.0232535
409.3019132614136,128,3.6222884,35.33677771212253,0.0241714
413.0754542350769,128,3.4503845,37.097314806509246,0.0241931
416.8445599079132,128,3.4201609,37.425139852338525,0.0262007
420.7559452056885,128,3.5738739,35.815477429128094,0.0239641
424.72393345832825,128,3.5923121,35.631647929476955,0.02538
428.68254232406616,128,3.6198458,35.36062226739051,0.0237558
432.3165249824524,128,3.3026182,38.75712911652943,0.0234249
436.4874336719513,128,3.7975097,33.706299683711144,0.0256233
440.2171070575714,128,3.4003846,37.642800758478906,0.0224374
444.3008711338043,128,3.7303349,34.31327305223989,0.0237767
448.09036898612976,128,3.3820602,37.84675388096285,0.025447
452.2027180194855,128,3.7885444,33.78606305894158,0.0243144
455.8990921974182,128,3.3170828,38.58812327506567,0.023452
459.89929246902466,128,3.6020138,35.53567729251898,0.0244447
464.04955434799194,128,3.7979466,33.70242225101322,0.0243628
468.095187664032,128,3.6997951,34.596510493243265,0.0226903
472.1883022785187,128,3.7010727,34.584567874065264,0.0266458
476.36581659317017,128,3.8278782,33.438890505972736,0.0242138
480.2699279785156,128,3.519742,36.36630184826047,0.0265084
484.22205877304077,128,3.579704,35.757146400931475,0.0260533
488.1056408882141,128,3.561582,35.939085496276654,0.0246969
492.0992913246155,128,3.6218598,35.34095936016077,0.0251549
496.2809398174286,128,3.7859316,33.80937996872421,0.0246589
500.5067677497864,128,3.8830995,32.96335826573591,0.0246936
504.3798007965088,128,3.5065474,36.50314266392064,0.0238421
508.2422218322754,128,3.4094914,37.54225630250893,0.0271273
512.6716961860657,128,4.0506695,31.599714565703277,0.0248287
516.4605417251587,128,3.4541794,37.05655820887589,0.0246537
520.8433568477631,128,3.9364427,32.51666790424766,0.0263128
524.7498054504395,128,3.5788144,35.7660346957361,0.0253808
528.9339051246643,128,3.8326615,33.39715756270153,0.0264304
532.9204857349396,128,3.5932611,35.62223741547755,0.0245095
536.9483382701874,128,3.7046641,34.55104067329613,0.0240232
540.9586486816406,128,3.618491,35.37386164564179,0.0295047
545.1379449367523,128,3.7694798,33.95694015922303,0.0248549
549.310708284378,128,3.8440084,33.29857447762081,0.0244487
553.0032303333282,128,3.3645216,38.044041684856474,0.0241393
557.3289551734924,128,3.9229906,32.62816892806218,0.0236147
561.5177371501923,128,3.8642037,33.12454775611337,0.0277234
565.6750342845917,128,3.8221492,33.489011888913176,0.0283491
569.7439527511597,128,3.6957877,34.63402402686713,0.0247167
574.0062966346741,128,3.937128,32.51100802412317,0.0245261
577.9724206924438,128,3.6231747,35.32813363926393,0.0239072
582.5023698806763,128,4.1622373,30.75269158728648,0.026065
587.1091847419739,128,4.2826308,29.888170607655464,0.0241045
591.413304567337,128,3.9828009,32.13818697289136,0.0235424
595.3384876251221,128,3.5838377,35.715903094607214,0.0241153
599.6855547428131,128,4.0049608,31.960362758107394,0.0259198
603.7594118118286,128,3.7511224,34.1231200560131,0.0254816
607.7309119701385,128,3.6291325,35.27013687155264,0.025132
611.8781759738922,128,3.8087189,33.60710080231964,0.0299663
616.4854619503021,128,4.2229822,30.31033377313312,0.0241972
620.4623074531555,128,3.6370042,35.19380043608418,0.0263614
624.2939929962158,128,3.5162263,36.40266270689119,0.0243931
628.5837898254395,128,3.9464342,32.43434288097341,0.0245567
632.6391441822052,128,3.7116356,34.48614406004727,0.0240029
636.7181308269501,128,3.7334216,34.284903692634124,0.0246176
640.8339035511017,128,3.7166363,34.43974327001004,0.0295961
644.9736738204956,128,3.7799505,33.86287730487476,0.0242124
649.6773428916931,128,4.3708213,29.28511398990391,0.0240145
654.0042312145233,128,3.931481,32.55770535327527,0.0246799
657.9104552268982,128,3.5584575,35.97064177385848,0.0243635
662.4228274822235,128,4.1802264,30.620351089118046,0.0253378
667.0900597572327,128,4.2851361,29.870696522334494,0.0256028
671.2882196903229,128,3.8664017,33.105716873650245,0.0290571
675.7402095794678,128,4.1045389,31.184988891200426,0.0240706
680.038848400116,128,3.9123275,32.71709743113275,0.0251746
684.275315284729,128,3.9059054,32.77089096935118,0.0236801
688.4584760665894,128,3.8221637,33.48888484289671,0.0275852
692.93971824646,128,4.1335359,30.966224340763556,0.0243866
696.9896609783173,128,3.7154212,34.451006523836384,0.0253817
701.7797477245331,128,4.3804151,29.220974971070667,0.0260659
706.0533149242401,128,3.935891,32.52122581646697,0.0269172
710.6933689117432,128,4.2631657,30.024636386992885,0.0231664
714.9500994682312,128,3.912188,32.71826405070513,0.0285336
719.7805454730988,128,4.4948381,28.47711022116681,0.0244835
724.4857497215271,128,4.3693377,29.295057692610943,0.0239882
728.6154153347015,128,3.7756975,33.90102093719107,0.0290214
732.7160420417786,128,3.7550636,34.08730547200319,0.0231336
737.2597103118896,128,4.1656072,30.727813222523718,0.0266393
741.3316626548767,128,3.7293945,34.3219254492921,0.0243941
746.2276730537415,128,4.5348854,28.22563057492037,0.0235028
750.6600294113159,128,4.0426051,31.662751328345177,0.0272552
755.0126085281372,128,4.0227799,31.81879277064102,0.0280741
759.4572508335114,128,4.0798637,31.37359711306042,0.0232164
764.3233482837677,128,4.5319596,28.243852835757846,0.0235571
769.0565841197968,128,4.3920254,29.14372945110928,0.0235999
773.6925549507141,128,4.2414565,30.178312567864364,0.0314206
777.9457664489746,128,3.9010772,32.81145012972314,0.0278957
782.6409721374512,128,4.3514833,29.41525709175995,0.0238088
